checked_at,dataset,path,area,source_family,format,size_bytes,lfs_size_bytes,last_commit_id,last_commit_date,download_url
2026-07-01T17:51:20Z,hotosm/venezuela_eq_2026,.gitattributes,,metadata,directory,3911,,a1f9f06fca8c3514204594e3267e4df1f842b7ec,2026-06-28T22:25:32.000Z,https://huggingface.co/datasets/hotosm/venezuela_eq_2026/resolve/main/.gitattributes
2026-07-01T17:51:20Z,hotosm/venezuela_eq_2026,README.md,,metadata,md,6755,,e28a013cc2235c167019e53bb774f8622a981115,2026-07-01T13:05:04.000Z,https://huggingface.co/datasets/hotosm/venezuela_eq_2026/resolve/main/README.md
2026-07-01T17:51:20Z,hotosm/venezuela_eq_2026,aoi.geojson,,metadata,geojson,491148,,e28a013cc2235c167019e53bb774f8622a981115,2026-07-01T13:05:04.000Z,https://huggingface.co/datasets/hotosm/venezuela_eq_2026/resolve/main/aoi.geojson
2026-07-01T17:51:20Z,hotosm/venezuela_eq_2026,aoi_map.png,,metadata,png,658104,658104,d11b249c9e24d48957ef4e87bc9652f538473f78,2026-07-01T13:02:04.000Z,https://huggingface.co/datasets/hotosm/venezuela_eq_2026/resolve/main/aoi_map.png
2026-07-01T17:51:20Z,hotosm/venezuela_eq_2026,caraballeda/README.md,caraballeda,metadata,md,10636,,89537325bcbcf786894e07fbf5436491061b8977,2026-06-30T19:22:11.000Z,https://huggingface.co/datasets/hotosm/venezuela_eq_2026/resolve/main/caraballeda/README.md
2026-07-01T17:51:20Z,hotosm/venezuela_eq_2026,caraballeda/aoi.geojson,caraballeda,metadata,geojson,413,,69ee254f101125930dce13db602d605faaa0f66a,2026-06-29T00:04:21.000Z,https://huggingface.co/datasets/hotosm/venezuela_eq_2026/resolve/main/caraballeda/aoi.geojson
2026-07-01T17:51:20Z,hotosm/venezuela_eq_2026,caraballeda/buildings/caraballeda_buildings_density_h3.geojson,caraballeda,buildings,geojson,51816,,7fcf902ca51128710f1c91275cf1c207626d70bf,2026-06-28T22:19:18.000Z,https://huggingface.co/datasets/hotosm/venezuela_eq_2026/resolve/main/caraballeda/buildings/caraballeda_buildings_density_h3.geojson
2026-07-01T17:51:20Z,hotosm/venezuela_eq_2026,caraballeda/buildings/caraballeda_buildings_density_h3.pmtiles,caraballeda,buildings,pmtiles,29407,,7fcf902ca51128710f1c91275cf1c207626d70bf,2026-06-28T22:19:18.000Z,https://huggingface.co/datasets/hotosm/venezuela_eq_2026/resolve/main/caraballeda/buildings/caraballeda_buildings_density_h3.pmtiles
2026-07-01T17:51:20Z,hotosm/venezuela_eq_2026,caraballeda/buildings/caraballeda_buildings_points.geojson,caraballeda,buildings,geojson,723478,,7fcf902ca51128710f1c91275cf1c207626d70bf,2026-06-28T22:19:18.000Z,https://huggingface.co/datasets/hotosm/venezuela_eq_2026/resolve/main/caraballeda/buildings/caraballeda_buildings_points.geojson
2026-07-01T17:51:20Z,hotosm/venezuela_eq_2026,caraballeda/buildings/caraballeda_buildings_polygons.geojson,caraballeda,buildings,geojson,2641288,,7fcf902ca51128710f1c91275cf1c207626d70bf,2026-06-28T22:19:18.000Z,https://huggingface.co/datasets/hotosm/venezuela_eq_2026/resolve/main/caraballeda/buildings/caraballeda_buildings_polygons.geojson
2026-07-01T17:51:20Z,hotosm/venezuela_eq_2026,caraballeda/damage_assessment/caraballeda_source_comparison.png,caraballeda,metadata,png,430453,430453,0e59213ec97075bdfbf60d51d0005a550cfcd19b,2026-06-29T20:13:18.000Z,https://huggingface.co/datasets/hotosm/venezuela_eq_2026/resolve/main/caraballeda/damage_assessment/caraballeda_source_comparison.png
2026-07-01T17:51:20Z,hotosm/venezuela_eq_2026,caraballeda/damage_assessment/combined/caraballeda_combined_damage_points.geojson,caraballeda,combined,geojson,193705,,2b806d9c771d7c5c44367b217c51ed526e4b35f0,2026-06-29T12:48:30.000Z,https://huggingface.co/datasets/hotosm/venezuela_eq_2026/resolve/main/caraballeda/damage_assessment/combined/caraballeda_combined_damage_points.geojson
2026-07-01T17:51:20Z,hotosm/venezuela_eq_2026,caraballeda/damage_assessment/combined/caraballeda_combined_damage_polygons.geojson,caraballeda,combined,geojson,309171,,2b806d9c771d7c5c44367b217c51ed526e4b35f0,2026-06-29T12:48:30.000Z,https://huggingface.co/datasets/hotosm/venezuela_eq_2026/resolve/main/caraballeda/damage_assessment/combined/caraballeda_combined_damage_polygons.geojson
2026-07-01T17:51:20Z,hotosm/venezuela_eq_2026,caraballeda/damage_assessment/combined/caraballeda_combined_h3_res11.geojson,caraballeda,combined,geojson,307513,,2b806d9c771d7c5c44367b217c51ed526e4b35f0,2026-06-29T12:48:30.000Z,https://huggingface.co/datasets/hotosm/venezuela_eq_2026/resolve/main/caraballeda/damage_assessment/combined/caraballeda_combined_h3_res11.geojson
2026-07-01T17:51:20Z,hotosm/venezuela_eq_2026,caraballeda/damage_assessment/combined/source.json,caraballeda,combined,json,491,,2b806d9c771d7c5c44367b217c51ed526e4b35f0,2026-06-29T12:48:30.000Z,https://huggingface.co/datasets/hotosm/venezuela_eq_2026/resolve/main/caraballeda/damage_assessment/combined/source.json
2026-07-01T17:51:20Z,hotosm/venezuela_eq_2026,caraballeda/damage_assessment/fair/caraballeda_damage_points.geojson,caraballeda,fair,geojson,17809,,925980041706e09c13a51ff72236c9b0a9a5cd13,2026-06-29T19:36:31.000Z,https://huggingface.co/datasets/hotosm/venezuela_eq_2026/resolve/main/caraballeda/damage_assessment/fair/caraballeda_damage_points.geojson
2026-07-01T17:51:20Z,hotosm/venezuela_eq_2026,caraballeda/damage_assessment/fair/caraballeda_damage_polygons.geojson,caraballeda,fair,geojson,54505,,925980041706e09c13a51ff72236c9b0a9a5cd13,2026-06-29T19:36:31.000Z,https://huggingface.co/datasets/hotosm/venezuela_eq_2026/resolve/main/caraballeda/damage_assessment/fair/caraballeda_damage_polygons.geojson
2026-07-01T17:51:20Z,hotosm/venezuela_eq_2026,caraballeda/damage_assessment/fair/caraballeda_major_destroyed_h3_res12.geojson,caraballeda,fair,geojson,10480,,925980041706e09c13a51ff72236c9b0a9a5cd13,2026-06-29T19:36:31.000Z,https://huggingface.co/datasets/hotosm/venezuela_eq_2026/resolve/main/caraballeda/damage_assessment/fair/caraballeda_major_destroyed_h3_res12.geojson
2026-07-01T17:51:20Z,hotosm/venezuela_eq_2026,caraballeda/damage_assessment/fair/caraballeda_major_destroyed_points.geojson,caraballeda,fair,geojson,8491,,925980041706e09c13a51ff72236c9b0a9a5cd13,2026-06-29T19:36:31.000Z,https://huggingface.co/datasets/hotosm/venezuela_eq_2026/resolve/main/caraballeda/damage_assessment/fair/caraballeda_major_destroyed_points.geojson
2026-07-01T17:51:20Z,hotosm/venezuela_eq_2026,caraballeda/damage_assessment/microsoft/caraballeda_microsoft_damaged_h3_res11.geojson,caraballeda,microsoft,geojson,198543,,2b806d9c771d7c5c44367b217c51ed526e4b35f0,2026-06-29T12:48:30.000Z,https://huggingface.co/datasets/hotosm/venezuela_eq_2026/resolve/main/caraballeda/damage_assessment/microsoft/caraballeda_microsoft_damaged_h3_res11.geojson
2026-07-01T17:51:20Z,hotosm/venezuela_eq_2026,caraballeda/damage_assessment/microsoft/caraballeda_microsoft_damaged_points.geojson,caraballeda,microsoft,geojson,162206,,2b806d9c771d7c5c44367b217c51ed526e4b35f0,2026-06-29T12:48:30.000Z,https://huggingface.co/datasets/hotosm/venezuela_eq_2026/resolve/main/caraballeda/damage_assessment/microsoft/caraballeda_microsoft_damaged_points.geojson
2026-07-01T17:51:20Z,hotosm/venezuela_eq_2026,caraballeda/damage_assessment/microsoft/caraballeda_microsoft_damaged_polygons.geojson,caraballeda,microsoft,geojson,271323,,2b806d9c771d7c5c44367b217c51ed526e4b35f0,2026-06-29T12:48:30.000Z,https://huggingface.co/datasets/hotosm/venezuela_eq_2026/resolve/main/caraballeda/damage_assessment/microsoft/caraballeda_microsoft_damaged_polygons.geojson
2026-07-01T17:51:20Z,hotosm/venezuela_eq_2026,caraballeda/damage_assessment/microsoft/source.json,caraballeda,microsoft,json,498,,2b806d9c771d7c5c44367b217c51ed526e4b35f0,2026-06-29T12:48:30.000Z,https://huggingface.co/datasets/hotosm/venezuela_eq_2026/resolve/main/caraballeda/damage_assessment/microsoft/source.json
2026-07-01T17:51:20Z,hotosm/venezuela_eq_2026,caraballeda/damage_assessment/osu/caraballeda_osu_damaged_h3_res11.geojson,caraballeda,osu,geojson,881250,,2b806d9c771d7c5c44367b217c51ed526e4b35f0,2026-06-29T12:48:30.000Z,https://huggingface.co/datasets/hotosm/venezuela_eq_2026/resolve/main/caraballeda/damage_assessment/osu/caraballeda_osu_damaged_h3_res11.geojson
2026-07-01T17:51:20Z,hotosm/venezuela_eq_2026,caraballeda/damage_assessment/osu/caraballeda_osu_damaged_points.geojson,caraballeda,osu,geojson,1374240,,2b806d9c771d7c5c44367b217c51ed526e4b35f0,2026-06-29T12:48:30.000Z,https://huggingface.co/datasets/hotosm/venezuela_eq_2026/resolve/main/caraballeda/damage_assessment/osu/caraballeda_osu_damaged_points.geojson
2026-07-01T17:51:20Z,hotosm/venezuela_eq_2026,caraballeda/damage_assessment/osu/caraballeda_osu_damaged_polygons.geojson,caraballeda,osu,geojson,2289103,,2b806d9c771d7c5c44367b217c51ed526e4b35f0,2026-06-29T12:48:30.000Z,https://huggingface.co/datasets/hotosm/venezuela_eq_2026/resolve/main/caraballeda/damage_assessment/osu/caraballeda_osu_damaged_polygons.geojson
2026-07-01T17:51:20Z,hotosm/venezuela_eq_2026,caraballeda/damage_assessment/osu/source.json,caraballeda,osu,json,845,,2b806d9c771d7c5c44367b217c51ed526e4b35f0,2026-06-29T12:48:30.000Z,https://huggingface.co/datasets/hotosm/venezuela_eq_2026/resolve/main/caraballeda/damage_assessment/osu/source.json
2026-07-01T17:51:20Z,hotosm/venezuela_eq_2026,caraballeda/damage_assessment/validated/validated_mapswipe/caraballeda_human_validated_accepted_h3_res11.geojson,caraballeda,validated_mapswipe,geojson,90729,,8f7228d872bbec5919d7cfc3b1481088900ec2bd,2026-06-30T17:21:23.000Z,https://huggingface.co/datasets/hotosm/venezuela_eq_2026/resolve/main/caraballeda/damage_assessment/validated/validated_mapswipe/caraballeda_human_validated_accepted_h3_res11.geojson
2026-07-01T17:51:20Z,hotosm/venezuela_eq_2026,caraballeda/damage_assessment/validated/validated_mapswipe/caraballeda_human_validated_accepted_polygons.geojson,caraballeda,validated_mapswipe,geojson,140500,,8f7228d872bbec5919d7cfc3b1481088900ec2bd,2026-06-30T17:21:23.000Z,https://huggingface.co/datasets/hotosm/venezuela_eq_2026/resolve/main/caraballeda/damage_assessment/validated/validated_mapswipe/caraballeda_human_validated_accepted_polygons.geojson
2026-07-01T17:51:20Z,hotosm/venezuela_eq_2026,caraballeda/damage_assessment/validated/validated_mapswipe/caraballeda_human_validated_damage_h3_res11.geojson,caraballeda,validated_mapswipe,geojson,251167,,8f7228d872bbec5919d7cfc3b1481088900ec2bd,2026-06-30T17:21:23.000Z,https://huggingface.co/datasets/hotosm/venezuela_eq_2026/resolve/main/caraballeda/damage_assessment/validated/validated_mapswipe/caraballeda_human_validated_damage_h3_res11.geojson
2026-07-01T17:51:20Z,hotosm/venezuela_eq_2026,caraballeda/damage_assessment/validated/validated_mapswipe/caraballeda_human_validated_damage_polygons.geojson,caraballeda,validated_mapswipe,geojson,386350,,8f7228d872bbec5919d7cfc3b1481088900ec2bd,2026-06-30T17:21:23.000Z,https://huggingface.co/datasets/hotosm/venezuela_eq_2026/resolve/main/caraballeda/damage_assessment/validated/validated_mapswipe/caraballeda_human_validated_damage_polygons.geojson
2026-07-01T17:51:20Z,hotosm/venezuela_eq_2026,caraballeda/damage_assessment/validated/validated_mapswipe/caraballeda_mapswipe_validation.png,caraballeda,validated_mapswipe,png,378290,378290,5c3dd663a13fba03ecd65de6ba9b4bd8605f15bf,2026-06-30T19:47:44.000Z,https://huggingface.co/datasets/hotosm/venezuela_eq_2026/resolve/main/caraballeda/damage_assessment/validated/validated_mapswipe/caraballeda_mapswipe_validation.png
2026-07-01T17:51:20Z,hotosm/venezuela_eq_2026,caraballeda/damage_assessment/validated/validated_mapswipe/mapswipe_agg_results_3178_raw.geojson,caraballeda,validated_mapswipe,geojson,379525,,8f7228d872bbec5919d7cfc3b1481088900ec2bd,2026-06-30T17:21:23.000Z,https://huggingface.co/datasets/hotosm/venezuela_eq_2026/resolve/main/caraballeda/damage_assessment/validated/validated_mapswipe/mapswipe_agg_results_3178_raw.geojson
2026-07-01T17:51:20Z,hotosm/venezuela_eq_2026,caraballeda/damage_assessment/validated/validated_mapswipe/source.json,caraballeda,validated_mapswipe,json,1486,,fcb9da4c11a185b3a06b423054046e74aa562753,2026-07-01T10:58:43.000Z,https://huggingface.co/datasets/hotosm/venezuela_eq_2026/resolve/main/caraballeda/damage_assessment/validated/validated_mapswipe/source.json
2026-07-01T17:51:20Z,hotosm/venezuela_eq_2026,caraballeda/viz/aoi.png,caraballeda,visualization,png,206941,206941,f182b1081d49fc662631d4e8be737e0f4bda15ea,2026-06-28T23:21:07.000Z,https://huggingface.co/datasets/hotosm/venezuela_eq_2026/resolve/main/caraballeda/viz/aoi.png
2026-07-01T17:51:20Z,hotosm/venezuela_eq_2026,caraballeda/viz/building_crops.png,caraballeda,visualization,png,2033390,2033390,f182b1081d49fc662631d4e8be737e0f4bda15ea,2026-06-28T23:21:07.000Z,https://huggingface.co/datasets/hotosm/venezuela_eq_2026/resolve/main/caraballeda/viz/building_crops.png
2026-07-01T17:51:20Z,hotosm/venezuela_eq_2026,caraballeda/viz/building_density.png,caraballeda,visualization,png,616138,616138,f182b1081d49fc662631d4e8be737e0f4bda15ea,2026-06-28T23:21:07.000Z,https://huggingface.co/datasets/hotosm/venezuela_eq_2026/resolve/main/caraballeda/viz/building_density.png
2026-07-01T17:51:20Z,hotosm/venezuela_eq_2026,caraballeda/viz/damage_crops.png,caraballeda,visualization,png,1361372,1361372,f182b1081d49fc662631d4e8be737e0f4bda15ea,2026-06-28T23:21:07.000Z,https://huggingface.co/datasets/hotosm/venezuela_eq_2026/resolve/main/caraballeda/viz/damage_crops.png
2026-07-01T17:51:20Z,hotosm/venezuela_eq_2026,caraballeda/viz/damage_gallery.png,caraballeda,visualization,png,289136,289136,3ec4b8e259574901429cb8bb4914330532e60475,2026-06-28T23:56:15.000Z,https://huggingface.co/datasets/hotosm/venezuela_eq_2026/resolve/main/caraballeda/viz/damage_gallery.png
2026-07-01T17:51:20Z,hotosm/venezuela_eq_2026,caraballeda/viz/post_imagery.png,caraballeda,visualization,png,757050,757050,8f83b90ebd63d5fd82074e678749368d52353d36,2026-06-29T00:01:59.000Z,https://huggingface.co/datasets/hotosm/venezuela_eq_2026/resolve/main/caraballeda/viz/post_imagery.png
2026-07-01T17:51:20Z,hotosm/venezuela_eq_2026,caracas/README.md,caracas,metadata,md,9021,,89537325bcbcf786894e07fbf5436491061b8977,2026-06-30T19:22:11.000Z,https://huggingface.co/datasets/hotosm/venezuela_eq_2026/resolve/main/caracas/README.md
2026-07-01T17:51:20Z,hotosm/venezuela_eq_2026,caracas/aoi.geojson,caracas,metadata,geojson,1207,,69ee254f101125930dce13db602d605faaa0f66a,2026-06-29T00:04:21.000Z,https://huggingface.co/datasets/hotosm/venezuela_eq_2026/resolve/main/caracas/aoi.geojson
2026-07-01T17:51:20Z,hotosm/venezuela_eq_2026,caracas/buildings/caracas_buildings_density_h3.geojson,caracas,buildings,geojson,564010,,a1f9f06fca8c3514204594e3267e4df1f842b7ec,2026-06-28T22:25:32.000Z,https://huggingface.co/datasets/hotosm/venezuela_eq_2026/resolve/main/caracas/buildings/caracas_buildings_density_h3.geojson
2026-07-01T17:51:20Z,hotosm/venezuela_eq_2026,caracas/buildings/caracas_buildings_density_h3.pmtiles,caracas,buildings,pmtiles,301635,301635,a1f9f06fca8c3514204594e3267e4df1f842b7ec,2026-06-28T22:25:32.000Z,https://huggingface.co/datasets/hotosm/venezuela_eq_2026/resolve/main/caracas/buildings/caracas_buildings_density_h3.pmtiles
2026-07-01T17:51:20Z,hotosm/venezuela_eq_2026,caracas/buildings/caracas_buildings_points.geojson,caracas,buildings,geojson,21331592,21331592,a1f9f06fca8c3514204594e3267e4df1f842b7ec,2026-06-28T22:25:32.000Z,https://huggingface.co/datasets/hotosm/venezuela_eq_2026/resolve/main/caracas/buildings/caracas_buildings_points.geojson
2026-07-01T17:51:20Z,hotosm/venezuela_eq_2026,caracas/buildings/caracas_buildings_polygons.geojson,caracas,buildings,geojson,87228334,87228334,a1f9f06fca8c3514204594e3267e4df1f842b7ec,2026-06-28T22:25:32.000Z,https://huggingface.co/datasets/hotosm/venezuela_eq_2026/resolve/main/caracas/buildings/caracas_buildings_polygons.geojson
2026-07-01T17:51:20Z,hotosm/venezuela_eq_2026,caracas/damage_assessment/combined/caracas_combined_damage_points.geojson,caracas,combined,geojson,34040,,2b806d9c771d7c5c44367b217c51ed526e4b35f0,2026-06-29T12:48:30.000Z,https://huggingface.co/datasets/hotosm/venezuela_eq_2026/resolve/main/caracas/damage_assessment/combined/caracas_combined_damage_points.geojson
2026-07-01T17:51:20Z,hotosm/venezuela_eq_2026,caracas/damage_assessment/combined/caracas_combined_damage_polygons.geojson,caracas,combined,geojson,61025,,2b806d9c771d7c5c44367b217c51ed526e4b35f0,2026-06-29T12:48:30.000Z,https://huggingface.co/datasets/hotosm/venezuela_eq_2026/resolve/main/caracas/damage_assessment/combined/caracas_combined_damage_polygons.geojson
2026-07-01T17:51:20Z,hotosm/venezuela_eq_2026,caracas/damage_assessment/combined/caracas_combined_h3_res11.geojson,caracas,combined,geojson,77337,,2b806d9c771d7c5c44367b217c51ed526e4b35f0,2026-06-29T12:48:30.000Z,https://huggingface.co/datasets/hotosm/venezuela_eq_2026/resolve/main/caracas/damage_assessment/combined/caracas_combined_h3_res11.geojson
2026-07-01T17:51:20Z,hotosm/venezuela_eq_2026,caracas/damage_assessment/combined/source.json,caracas,combined,json,487,,2b806d9c771d7c5c44367b217c51ed526e4b35f0,2026-06-29T12:48:30.000Z,https://huggingface.co/datasets/hotosm/venezuela_eq_2026/resolve/main/caracas/damage_assessment/combined/source.json
2026-07-01T17:51:20Z,hotosm/venezuela_eq_2026,caracas/damage_assessment/fair/caracas_damage_points.geojson,caracas,fair,geojson,129900,,925980041706e09c13a51ff72236c9b0a9a5cd13,2026-06-29T19:36:31.000Z,https://huggingface.co/datasets/hotosm/venezuela_eq_2026/resolve/main/caracas/damage_assessment/fair/caracas_damage_points.geojson
2026-07-01T17:51:20Z,hotosm/venezuela_eq_2026,caracas/damage_assessment/fair/caracas_damage_polygons.geojson,caracas,fair,geojson,366858,,925980041706e09c13a51ff72236c9b0a9a5cd13,2026-06-29T19:36:31.000Z,https://huggingface.co/datasets/hotosm/venezuela_eq_2026/resolve/main/caracas/damage_assessment/fair/caracas_damage_polygons.geojson
2026-07-01T17:51:20Z,hotosm/venezuela_eq_2026,caracas/damage_assessment/fair/caracas_major_destroyed_h3_res12.geojson,caracas,fair,geojson,59706,,925980041706e09c13a51ff72236c9b0a9a5cd13,2026-06-29T19:36:31.000Z,https://huggingface.co/datasets/hotosm/venezuela_eq_2026/resolve/main/caracas/damage_assessment/fair/caracas_major_destroyed_h3_res12.geojson
2026-07-01T17:51:20Z,hotosm/venezuela_eq_2026,caracas/damage_assessment/fair/caracas_major_destroyed_points.geojson,caracas,fair,geojson,69659,,925980041706e09c13a51ff72236c9b0a9a5cd13,2026-06-29T19:36:31.000Z,https://huggingface.co/datasets/hotosm/venezuela_eq_2026/resolve/main/caracas/damage_assessment/fair/caracas_major_destroyed_points.geojson
2026-07-01T17:51:20Z,hotosm/venezuela_eq_2026,caracas/damage_assessment/validated/validated_mapswipe/caracas_human_validated_accepted_h3_res11.geojson,caracas,validated_mapswipe,geojson,11406,,8f7228d872bbec5919d7cfc3b1481088900ec2bd,2026-06-30T17:21:23.000Z,https://huggingface.co/datasets/hotosm/venezuela_eq_2026/resolve/main/caracas/damage_assessment/validated/validated_mapswipe/caracas_human_validated_accepted_h3_res11.geojson
2026-07-01T17:51:20Z,hotosm/venezuela_eq_2026,caracas/damage_assessment/validated/validated_mapswipe/caracas_human_validated_accepted_polygons.geojson,caracas,validated_mapswipe,geojson,17466,,035023809e5aeb91e63bf1802920b15419b0e9bc,2026-06-30T18:27:19.000Z,https://huggingface.co/datasets/hotosm/venezuela_eq_2026/resolve/main/caracas/damage_assessment/validated/validated_mapswipe/caracas_human_validated_accepted_polygons.geojson
2026-07-01T17:51:20Z,hotosm/venezuela_eq_2026,caracas/damage_assessment/validated/validated_mapswipe/caracas_human_validated_damage_h3_res11.geojson,caracas,validated_mapswipe,geojson,63062,,8f7228d872bbec5919d7cfc3b1481088900ec2bd,2026-06-30T17:21:23.000Z,https://huggingface.co/datasets/hotosm/venezuela_eq_2026/resolve/main/caracas/damage_assessment/validated/validated_mapswipe/caracas_human_validated_damage_h3_res11.geojson
2026-07-01T17:51:20Z,hotosm/venezuela_eq_2026,caracas/damage_assessment/validated/validated_mapswipe/caracas_human_validated_damage_polygons.geojson,caracas,validated_mapswipe,geojson,95894,,035023809e5aeb91e63bf1802920b15419b0e9bc,2026-06-30T18:27:19.000Z,https://huggingface.co/datasets/hotosm/venezuela_eq_2026/resolve/main/caracas/damage_assessment/validated/validated_mapswipe/caracas_human_validated_damage_polygons.geojson
2026-07-01T17:51:20Z,hotosm/venezuela_eq_2026,caracas/damage_assessment/validated/validated_mapswipe/caracas_mapswipe_validation.png,caracas,validated_mapswipe,png,1317845,1317845,5c3dd663a13fba03ecd65de6ba9b4bd8605f15bf,2026-06-30T19:47:44.000Z,https://huggingface.co/datasets/hotosm/venezuela_eq_2026/resolve/main/caracas/damage_assessment/validated/validated_mapswipe/caracas_mapswipe_validation.png
2026-07-01T17:51:20Z,hotosm/venezuela_eq_2026,caracas/damage_assessment/validated/validated_mapswipe/mapswipe_agg_results_3175_raw.geojson,caracas,validated_mapswipe,geojson,94149,,8f7228d872bbec5919d7cfc3b1481088900ec2bd,2026-06-30T17:21:23.000Z,https://huggingface.co/datasets/hotosm/venezuela_eq_2026/resolve/main/caracas/damage_assessment/validated/validated_mapswipe/mapswipe_agg_results_3175_raw.geojson
2026-07-01T17:51:20Z,hotosm/venezuela_eq_2026,caracas/damage_assessment/validated/validated_mapswipe/source.json,caracas,validated_mapswipe,json,1401,,fcb9da4c11a185b3a06b423054046e74aa562753,2026-07-01T10:58:43.000Z,https://huggingface.co/datasets/hotosm/venezuela_eq_2026/resolve/main/caracas/damage_assessment/validated/validated_mapswipe/source.json
2026-07-01T17:51:20Z,hotosm/venezuela_eq_2026,caracas/viz/aoi.png,caracas,visualization,png,960909,960909,f182b1081d49fc662631d4e8be737e0f4bda15ea,2026-06-28T23:21:07.000Z,https://huggingface.co/datasets/hotosm/venezuela_eq_2026/resolve/main/caracas/viz/aoi.png
2026-07-01T17:51:20Z,hotosm/venezuela_eq_2026,caracas/viz/building_crops.png,caracas,visualization,png,3003875,3003875,f182b1081d49fc662631d4e8be737e0f4bda15ea,2026-06-28T23:21:07.000Z,https://huggingface.co/datasets/hotosm/venezuela_eq_2026/resolve/main/caracas/viz/building_crops.png
2026-07-01T17:51:20Z,hotosm/venezuela_eq_2026,caracas/viz/building_density.png,caracas,visualization,png,1304272,1304272,f182b1081d49fc662631d4e8be737e0f4bda15ea,2026-06-28T23:21:07.000Z,https://huggingface.co/datasets/hotosm/venezuela_eq_2026/resolve/main/caracas/viz/building_density.png
2026-07-01T17:51:20Z,hotosm/venezuela_eq_2026,caracas/viz/damage_crops.png,caracas,visualization,png,1759390,1759390,f182b1081d49fc662631d4e8be737e0f4bda15ea,2026-06-28T23:21:07.000Z,https://huggingface.co/datasets/hotosm/venezuela_eq_2026/resolve/main/caracas/viz/damage_crops.png
2026-07-01T17:51:20Z,hotosm/venezuela_eq_2026,caracas/viz/damage_gallery.png,caracas,visualization,png,225321,225321,3ec4b8e259574901429cb8bb4914330532e60475,2026-06-28T23:56:15.000Z,https://huggingface.co/datasets/hotosm/venezuela_eq_2026/resolve/main/caracas/viz/damage_gallery.png
2026-07-01T17:51:20Z,hotosm/venezuela_eq_2026,caracas/viz/post_imagery.png,caracas,visualization,png,1601453,1601453,8f83b90ebd63d5fd82074e678749368d52353d36,2026-06-29T00:01:59.000Z,https://huggingface.co/datasets/hotosm/venezuela_eq_2026/resolve/main/caracas/viz/post_imagery.png
2026-07-01T17:51:20Z,hotosm/venezuela_eq_2026,catia_la_mar/README.md,catia_la_mar,metadata,md,9753,,65207637531afc86f4e1177e3d995c3d3d42335e,2026-06-30T18:11:10.000Z,https://huggingface.co/datasets/hotosm/venezuela_eq_2026/resolve/main/catia_la_mar/README.md
2026-07-01T17:51:20Z,hotosm/venezuela_eq_2026,catia_la_mar/aoi.geojson,catia_la_mar,metadata,geojson,810,,69ee254f101125930dce13db602d605faaa0f66a,2026-06-29T00:04:21.000Z,https://huggingface.co/datasets/hotosm/venezuela_eq_2026/resolve/main/catia_la_mar/aoi.geojson
2026-07-01T17:51:20Z,hotosm/venezuela_eq_2026,catia_la_mar/buildings/catia_la_mar_buildings_density_h3.geojson,catia_la_mar,buildings,geojson,147600,,c715dcce5a951373c7feab97c9cc42436fa9a20a,2026-06-28T22:19:14.000Z,https://huggingface.co/datasets/hotosm/venezuela_eq_2026/resolve/main/catia_la_mar/buildings/catia_la_mar_buildings_density_h3.geojson
2026-07-01T17:51:20Z,hotosm/venezuela_eq_2026,catia_la_mar/buildings/catia_la_mar_buildings_density_h3.pmtiles,catia_la_mar,buildings,pmtiles,72216,,c715dcce5a951373c7feab97c9cc42436fa9a20a,2026-06-28T22:19:14.000Z,https://huggingface.co/datasets/hotosm/venezuela_eq_2026/resolve/main/catia_la_mar/buildings/catia_la_mar_buildings_density_h3.pmtiles
2026-07-01T17:51:20Z,hotosm/venezuela_eq_2026,catia_la_mar/buildings/catia_la_mar_buildings_points.geojson,catia_la_mar,buildings,geojson,1798108,,c715dcce5a951373c7feab97c9cc42436fa9a20a,2026-06-28T22:19:14.000Z,https://huggingface.co/datasets/hotosm/venezuela_eq_2026/resolve/main/catia_la_mar/buildings/catia_la_mar_buildings_points.geojson
2026-07-01T17:51:20Z,hotosm/venezuela_eq_2026,catia_la_mar/buildings/catia_la_mar_buildings_polygons.geojson,catia_la_mar,buildings,geojson,7054513,,c715dcce5a951373c7feab97c9cc42436fa9a20a,2026-06-28T22:19:14.000Z,https://huggingface.co/datasets/hotosm/venezuela_eq_2026/resolve/main/catia_la_mar/buildings/catia_la_mar_buildings_polygons.geojson
2026-07-01T17:51:20Z,hotosm/venezuela_eq_2026,catia_la_mar/damage_assessment/catia_la_mar_source_comparison.png,catia_la_mar,metadata,png,385586,385586,f30c4777cf91caa8ad6f7919b3479a7994236763,2026-06-29T20:13:15.000Z,https://huggingface.co/datasets/hotosm/venezuela_eq_2026/resolve/main/catia_la_mar/damage_assessment/catia_la_mar_source_comparison.png
2026-07-01T17:51:20Z,hotosm/venezuela_eq_2026,catia_la_mar/damage_assessment/combined/catia_la_mar_combined_damage_points.geojson,catia_la_mar,combined,geojson,2620806,,2b806d9c771d7c5c44367b217c51ed526e4b35f0,2026-06-29T12:48:30.000Z,https://huggingface.co/datasets/hotosm/venezuela_eq_2026/resolve/main/catia_la_mar/damage_assessment/combined/catia_la_mar_combined_damage_points.geojson
2026-07-01T17:51:20Z,hotosm/venezuela_eq_2026,catia_la_mar/damage_assessment/combined/catia_la_mar_combined_damage_polygons.geojson,catia_la_mar,combined,geojson,4673309,,2b806d9c771d7c5c44367b217c51ed526e4b35f0,2026-06-29T12:48:30.000Z,https://huggingface.co/datasets/hotosm/venezuela_eq_2026/resolve/main/catia_la_mar/damage_assessment/combined/catia_la_mar_combined_damage_polygons.geojson
2026-07-01T17:51:20Z,hotosm/venezuela_eq_2026,catia_la_mar/damage_assessment/combined/catia_la_mar_combined_h3_res11.geojson,catia_la_mar,combined,geojson,2435252,,2b806d9c771d7c5c44367b217c51ed526e4b35f0,2026-06-29T12:48:30.000Z,https://huggingface.co/datasets/hotosm/venezuela_eq_2026/resolve/main/catia_la_mar/damage_assessment/combined/catia_la_mar_combined_h3_res11.geojson
2026-07-01T17:51:20Z,hotosm/venezuela_eq_2026,catia_la_mar/damage_assessment/combined/source.json,catia_la_mar,combined,json,492,,2b806d9c771d7c5c44367b217c51ed526e4b35f0,2026-06-29T12:48:30.000Z,https://huggingface.co/datasets/hotosm/venezuela_eq_2026/resolve/main/catia_la_mar/damage_assessment/combined/source.json
2026-07-01T17:51:20Z,hotosm/venezuela_eq_2026,catia_la_mar/damage_assessment/fair/catia_la_mar_damage_points.geojson,catia_la_mar,fair,geojson,25525,,925980041706e09c13a51ff72236c9b0a9a5cd13,2026-06-29T19:36:31.000Z,https://huggingface.co/datasets/hotosm/venezuela_eq_2026/resolve/main/catia_la_mar/damage_assessment/fair/catia_la_mar_damage_points.geojson
2026-07-01T17:51:20Z,hotosm/venezuela_eq_2026,catia_la_mar/damage_assessment/fair/catia_la_mar_damage_polygons.geojson,catia_la_mar,fair,geojson,74689,,925980041706e09c13a51ff72236c9b0a9a5cd13,2026-06-29T19:36:31.000Z,https://huggingface.co/datasets/hotosm/venezuela_eq_2026/resolve/main/catia_la_mar/damage_assessment/fair/catia_la_mar_damage_polygons.geojson
2026-07-01T17:51:20Z,hotosm/venezuela_eq_2026,catia_la_mar/damage_assessment/fair/catia_la_mar_major_destroyed_h3_res12.geojson,catia_la_mar,fair,geojson,11885,,925980041706e09c13a51ff72236c9b0a9a5cd13,2026-06-29T19:36:31.000Z,https://huggingface.co/datasets/hotosm/venezuela_eq_2026/resolve/main/catia_la_mar/damage_assessment/fair/catia_la_mar_major_destroyed_h3_res12.geojson
2026-07-01T17:51:20Z,hotosm/venezuela_eq_2026,catia_la_mar/damage_assessment/fair/catia_la_mar_major_destroyed_points.geojson,catia_la_mar,fair,geojson,9241,,925980041706e09c13a51ff72236c9b0a9a5cd13,2026-06-29T19:36:31.000Z,https://huggingface.co/datasets/hotosm/venezuela_eq_2026/resolve/main/catia_la_mar/damage_assessment/fair/catia_la_mar_major_destroyed_points.geojson
2026-07-01T17:51:20Z,hotosm/venezuela_eq_2026,catia_la_mar/damage_assessment/microsoft/catia_la_mar_microsoft_damaged_h3_res11.geojson,catia_la_mar,microsoft,geojson,1586841,,2b806d9c771d7c5c44367b217c51ed526e4b35f0,2026-06-29T12:48:30.000Z,https://huggingface.co/datasets/hotosm/venezuela_eq_2026/resolve/main/catia_la_mar/damage_assessment/microsoft/catia_la_mar_microsoft_damaged_h3_res11.geojson
2026-07-01T17:51:20Z,hotosm/venezuela_eq_2026,catia_la_mar/damage_assessment/microsoft/catia_la_mar_microsoft_damaged_points.geojson,catia_la_mar,microsoft,geojson,2242011,,2b806d9c771d7c5c44367b217c51ed526e4b35f0,2026-06-29T12:48:30.000Z,https://huggingface.co/datasets/hotosm/venezuela_eq_2026/resolve/main/catia_la_mar/damage_assessment/microsoft/catia_la_mar_microsoft_damaged_points.geojson
2026-07-01T17:51:20Z,hotosm/venezuela_eq_2026,catia_la_mar/damage_assessment/microsoft/catia_la_mar_microsoft_damaged_polygons.geojson,catia_la_mar,microsoft,geojson,4289624,,2b806d9c771d7c5c44367b217c51ed526e4b35f0,2026-06-29T12:48:30.000Z,https://huggingface.co/datasets/hotosm/venezuela_eq_2026/resolve/main/catia_la_mar/damage_assessment/microsoft/catia_la_mar_microsoft_damaged_polygons.geojson
2026-07-01T17:51:20Z,hotosm/venezuela_eq_2026,catia_la_mar/damage_assessment/microsoft/source.json,catia_la_mar,microsoft,json,501,,2b806d9c771d7c5c44367b217c51ed526e4b35f0,2026-06-29T12:48:30.000Z,https://huggingface.co/datasets/hotosm/venezuela_eq_2026/resolve/main/catia_la_mar/damage_assessment/microsoft/source.json
2026-07-01T17:51:20Z,hotosm/venezuela_eq_2026,catia_la_mar/damage_assessment/osu/catia_la_mar_osu_damaged_h3_res11.geojson,catia_la_mar,osu,geojson,1600668,,2b806d9c771d7c5c44367b217c51ed526e4b35f0,2026-06-29T12:48:30.000Z,https://huggingface.co/datasets/hotosm/venezuela_eq_2026/resolve/main/catia_la_mar/damage_assessment/osu/catia_la_mar_osu_damaged_h3_res11.geojson
2026-07-01T17:51:20Z,hotosm/venezuela_eq_2026,catia_la_mar/damage_assessment/osu/catia_la_mar_osu_damaged_points.geojson,catia_la_mar,osu,geojson,3074167,,2b806d9c771d7c5c44367b217c51ed526e4b35f0,2026-06-29T12:48:30.000Z,https://huggingface.co/datasets/hotosm/venezuela_eq_2026/resolve/main/catia_la_mar/damage_assessment/osu/catia_la_mar_osu_damaged_points.geojson
2026-07-01T17:51:20Z,hotosm/venezuela_eq_2026,catia_la_mar/damage_assessment/osu/catia_la_mar_osu_damaged_polygons.geojson,catia_la_mar,osu,geojson,5108600,,2b806d9c771d7c5c44367b217c51ed526e4b35f0,2026-06-29T12:48:30.000Z,https://huggingface.co/datasets/hotosm/venezuela_eq_2026/resolve/main/catia_la_mar/damage_assessment/osu/catia_la_mar_osu_damaged_polygons.geojson
2026-07-01T17:51:20Z,hotosm/venezuela_eq_2026,catia_la_mar/damage_assessment/osu/source.json,catia_la_mar,osu,json,847,,2b806d9c771d7c5c44367b217c51ed526e4b35f0,2026-06-29T12:48:30.000Z,https://huggingface.co/datasets/hotosm/venezuela_eq_2026/resolve/main/catia_la_mar/damage_assessment/osu/source.json
2026-07-01T17:51:20Z,hotosm/venezuela_eq_2026,catia_la_mar/viz/aoi.png,catia_la_mar,visualization,png,336133,336133,f182b1081d49fc662631d4e8be737e0f4bda15ea,2026-06-28T23:21:07.000Z,https://huggingface.co/datasets/hotosm/venezuela_eq_2026/resolve/main/catia_la_mar/viz/aoi.png
2026-07-01T17:51:20Z,hotosm/venezuela_eq_2026,catia_la_mar/viz/building_crops.png,catia_la_mar,visualization,png,2010934,2010934,f182b1081d49fc662631d4e8be737e0f4bda15ea,2026-06-28T23:21:07.000Z,https://huggingface.co/datasets/hotosm/venezuela_eq_2026/resolve/main/catia_la_mar/viz/building_crops.png
2026-07-01T17:51:20Z,hotosm/venezuela_eq_2026,catia_la_mar/viz/building_density.png,catia_la_mar,visualization,png,518768,518768,f182b1081d49fc662631d4e8be737e0f4bda15ea,2026-06-28T23:21:07.000Z,https://huggingface.co/datasets/hotosm/venezuela_eq_2026/resolve/main/catia_la_mar/viz/building_density.png
2026-07-01T17:51:20Z,hotosm/venezuela_eq_2026,catia_la_mar/viz/damage_crops.png,catia_la_mar,visualization,png,1335369,1335369,f182b1081d49fc662631d4e8be737e0f4bda15ea,2026-06-28T23:21:07.000Z,https://huggingface.co/datasets/hotosm/venezuela_eq_2026/resolve/main/catia_la_mar/viz/damage_crops.png
2026-07-01T17:51:20Z,hotosm/venezuela_eq_2026,catia_la_mar/viz/damage_gallery.png,catia_la_mar,visualization,png,285660,285660,3ec4b8e259574901429cb8bb4914330532e60475,2026-06-28T23:56:15.000Z,https://huggingface.co/datasets/hotosm/venezuela_eq_2026/resolve/main/catia_la_mar/viz/damage_gallery.png
2026-07-01T17:51:20Z,hotosm/venezuela_eq_2026,catia_la_mar/viz/post_imagery.png,catia_la_mar,visualization,png,629673,629673,8f83b90ebd63d5fd82074e678749368d52353d36,2026-06-29T00:01:59.000Z,https://huggingface.co/datasets/hotosm/venezuela_eq_2026/resolve/main/catia_la_mar/viz/post_imagery.png
2026-07-01T17:51:20Z,hotosm/venezuela_eq_2026,la_guaira/README.md,la_guaira,metadata,md,12641,,89537325bcbcf786894e07fbf5436491061b8977,2026-06-30T19:22:11.000Z,https://huggingface.co/datasets/hotosm/venezuela_eq_2026/resolve/main/la_guaira/README.md
2026-07-01T17:51:20Z,hotosm/venezuela_eq_2026,la_guaira/aoi.geojson,la_guaira,metadata,geojson,2522,,69ee254f101125930dce13db602d605faaa0f66a,2026-06-29T00:04:21.000Z,https://huggingface.co/datasets/hotosm/venezuela_eq_2026/resolve/main/la_guaira/aoi.geojson
2026-07-01T17:51:20Z,hotosm/venezuela_eq_2026,la_guaira/buildings/la_guaira_buildings_density_h3.geojson,la_guaira,buildings,geojson,85456,,f785bff5e804fedf789a4ca096d8dc183cc154ad,2026-06-28T22:25:36.000Z,https://huggingface.co/datasets/hotosm/venezuela_eq_2026/resolve/main/la_guaira/buildings/la_guaira_buildings_density_h3.geojson
2026-07-01T17:51:20Z,hotosm/venezuela_eq_2026,la_guaira/buildings/la_guaira_buildings_density_h3.pmtiles,la_guaira,buildings,pmtiles,51060,,9bfdf5fd1f41ed733d5f41242e3d1bf87dd91f74,2026-06-29T01:10:37.000Z,https://huggingface.co/datasets/hotosm/venezuela_eq_2026/resolve/main/la_guaira/buildings/la_guaira_buildings_density_h3.pmtiles
2026-07-01T17:51:20Z,hotosm/venezuela_eq_2026,la_guaira/buildings/la_guaira_buildings_points.geojson,la_guaira,buildings,geojson,3443813,,f785bff5e804fedf789a4ca096d8dc183cc154ad,2026-06-28T22:25:36.000Z,https://huggingface.co/datasets/hotosm/venezuela_eq_2026/resolve/main/la_guaira/buildings/la_guaira_buildings_points.geojson
2026-07-01T17:51:20Z,hotosm/venezuela_eq_2026,la_guaira/buildings/la_guaira_buildings_polygons.geojson,la_guaira,buildings,geojson,8513573,,f785bff5e804fedf789a4ca096d8dc183cc154ad,2026-06-28T22:25:36.000Z,https://huggingface.co/datasets/hotosm/venezuela_eq_2026/resolve/main/la_guaira/buildings/la_guaira_buildings_polygons.geojson
2026-07-01T17:51:20Z,hotosm/venezuela_eq_2026,la_guaira/damage_assessment/combined/la_guaira_combined_damage_points.geojson,la_guaira,combined,geojson,219997,,2b806d9c771d7c5c44367b217c51ed526e4b35f0,2026-06-29T12:48:30.000Z,https://huggingface.co/datasets/hotosm/venezuela_eq_2026/resolve/main/la_guaira/damage_assessment/combined/la_guaira_combined_damage_points.geojson
2026-07-01T17:51:20Z,hotosm/venezuela_eq_2026,la_guaira/damage_assessment/combined/la_guaira_combined_damage_polygons.geojson,la_guaira,combined,geojson,352760,,2b806d9c771d7c5c44367b217c51ed526e4b35f0,2026-06-29T12:48:30.000Z,https://huggingface.co/datasets/hotosm/venezuela_eq_2026/resolve/main/la_guaira/damage_assessment/combined/la_guaira_combined_damage_polygons.geojson
2026-07-01T17:51:20Z,hotosm/venezuela_eq_2026,la_guaira/damage_assessment/combined/la_guaira_combined_h3_res11.geojson,la_guaira,combined,geojson,365218,,2b806d9c771d7c5c44367b217c51ed526e4b35f0,2026-06-29T12:48:30.000Z,https://huggingface.co/datasets/hotosm/venezuela_eq_2026/resolve/main/la_guaira/damage_assessment/combined/la_guaira_combined_h3_res11.geojson
2026-07-01T17:51:20Z,hotosm/venezuela_eq_2026,la_guaira/damage_assessment/combined/source.json,la_guaira,combined,json,489,,2b806d9c771d7c5c44367b217c51ed526e4b35f0,2026-06-29T12:48:30.000Z,https://huggingface.co/datasets/hotosm/venezuela_eq_2026/resolve/main/la_guaira/damage_assessment/combined/source.json
2026-07-01T17:51:20Z,hotosm/venezuela_eq_2026,la_guaira/damage_assessment/fair/la_guaira_damage_points.geojson,la_guaira,fair,geojson,58118,,925980041706e09c13a51ff72236c9b0a9a5cd13,2026-06-29T19:36:31.000Z,https://huggingface.co/datasets/hotosm/venezuela_eq_2026/resolve/main/la_guaira/damage_assessment/fair/la_guaira_damage_points.geojson
2026-07-01T17:51:20Z,hotosm/venezuela_eq_2026,la_guaira/damage_assessment/fair/la_guaira_damage_polygons.geojson,la_guaira,fair,geojson,57942,,925980041706e09c13a51ff72236c9b0a9a5cd13,2026-06-29T19:36:31.000Z,https://huggingface.co/datasets/hotosm/venezuela_eq_2026/resolve/main/la_guaira/damage_assessment/fair/la_guaira_damage_polygons.geojson
2026-07-01T17:51:20Z,hotosm/venezuela_eq_2026,la_guaira/damage_assessment/fair/la_guaira_major_destroyed_h3_res12.geojson,la_guaira,fair,geojson,36026,,925980041706e09c13a51ff72236c9b0a9a5cd13,2026-06-29T19:36:31.000Z,https://huggingface.co/datasets/hotosm/venezuela_eq_2026/resolve/main/la_guaira/damage_assessment/fair/la_guaira_major_destroyed_h3_res12.geojson
2026-07-01T17:51:20Z,hotosm/venezuela_eq_2026,la_guaira/damage_assessment/fair/la_guaira_major_destroyed_points.geojson,la_guaira,fair,geojson,37488,,925980041706e09c13a51ff72236c9b0a9a5cd13,2026-06-29T19:36:31.000Z,https://huggingface.co/datasets/hotosm/venezuela_eq_2026/resolve/main/la_guaira/damage_assessment/fair/la_guaira_major_destroyed_points.geojson
2026-07-01T17:51:20Z,hotosm/venezuela_eq_2026,la_guaira/damage_assessment/la_guaira_source_comparison.png,la_guaira,metadata,png,354394,354394,43888b7d966e7bdc6c588619ffe20955411e1278,2026-06-29T20:13:12.000Z,https://huggingface.co/datasets/hotosm/venezuela_eq_2026/resolve/main/la_guaira/damage_assessment/la_guaira_source_comparison.png
2026-07-01T17:51:20Z,hotosm/venezuela_eq_2026,la_guaira/damage_assessment/microsoft/la_guaira_microsoft_damaged_h3_res11.geojson,la_guaira,microsoft,geojson,222804,,2b806d9c771d7c5c44367b217c51ed526e4b35f0,2026-06-29T12:48:30.000Z,https://huggingface.co/datasets/hotosm/venezuela_eq_2026/resolve/main/la_guaira/damage_assessment/microsoft/la_guaira_microsoft_damaged_h3_res11.geojson
2026-07-01T17:51:20Z,hotosm/venezuela_eq_2026,la_guaira/damage_assessment/microsoft/la_guaira_microsoft_damaged_points.geojson,la_guaira,microsoft,geojson,176183,,2b806d9c771d7c5c44367b217c51ed526e4b35f0,2026-06-29T12:48:30.000Z,https://huggingface.co/datasets/hotosm/venezuela_eq_2026/resolve/main/la_guaira/damage_assessment/microsoft/la_guaira_microsoft_damaged_points.geojson
2026-07-01T17:51:20Z,hotosm/venezuela_eq_2026,la_guaira/damage_assessment/microsoft/la_guaira_microsoft_damaged_polygons.geojson,la_guaira,microsoft,geojson,295961,,2b806d9c771d7c5c44367b217c51ed526e4b35f0,2026-06-29T12:48:30.000Z,https://huggingface.co/datasets/hotosm/venezuela_eq_2026/resolve/main/la_guaira/damage_assessment/microsoft/la_guaira_microsoft_damaged_polygons.geojson
2026-07-01T17:51:20Z,hotosm/venezuela_eq_2026,la_guaira/damage_assessment/microsoft/source.json,la_guaira,microsoft,json,496,,2b806d9c771d7c5c44367b217c51ed526e4b35f0,2026-06-29T12:48:30.000Z,https://huggingface.co/datasets/hotosm/venezuela_eq_2026/resolve/main/la_guaira/damage_assessment/microsoft/source.json
2026-07-01T17:51:20Z,hotosm/venezuela_eq_2026,la_guaira/damage_assessment/osu/la_guaira_osu_damaged_h3_res11.geojson,la_guaira,osu,geojson,900933,,2b806d9c771d7c5c44367b217c51ed526e4b35f0,2026-06-29T12:48:30.000Z,https://huggingface.co/datasets/hotosm/venezuela_eq_2026/resolve/main/la_guaira/damage_assessment/osu/la_guaira_osu_damaged_h3_res11.geojson
2026-07-01T17:51:20Z,hotosm/venezuela_eq_2026,la_guaira/damage_assessment/osu/la_guaira_osu_damaged_points.geojson,la_guaira,osu,geojson,1777948,,2b806d9c771d7c5c44367b217c51ed526e4b35f0,2026-06-29T12:48:30.000Z,https://huggingface.co/datasets/hotosm/venezuela_eq_2026/resolve/main/la_guaira/damage_assessment/osu/la_guaira_osu_damaged_points.geojson
2026-07-01T17:51:20Z,hotosm/venezuela_eq_2026,la_guaira/damage_assessment/osu/la_guaira_osu_damaged_polygons.geojson,la_guaira,osu,geojson,2920519,,2b806d9c771d7c5c44367b217c51ed526e4b35f0,2026-06-29T12:48:30.000Z,https://huggingface.co/datasets/hotosm/venezuela_eq_2026/resolve/main/la_guaira/damage_assessment/osu/la_guaira_osu_damaged_polygons.geojson
2026-07-01T17:51:20Z,hotosm/venezuela_eq_2026,la_guaira/damage_assessment/osu/source.json,la_guaira,osu,json,843,,2b806d9c771d7c5c44367b217c51ed526e4b35f0,2026-06-29T12:48:30.000Z,https://huggingface.co/datasets/hotosm/venezuela_eq_2026/resolve/main/la_guaira/damage_assessment/osu/source.json
2026-07-01T17:51:20Z,hotosm/venezuela_eq_2026,la_guaira/damage_assessment/validated/validated_mapswipe/la_guaira_human_validated_accepted_h3_res11.geojson,la_guaira,validated_mapswipe,geojson,14260,,8f7228d872bbec5919d7cfc3b1481088900ec2bd,2026-06-30T17:21:23.000Z,https://huggingface.co/datasets/hotosm/venezuela_eq_2026/resolve/main/la_guaira/damage_assessment/validated/validated_mapswipe/la_guaira_human_validated_accepted_h3_res11.geojson
2026-07-01T17:51:20Z,hotosm/venezuela_eq_2026,la_guaira/damage_assessment/validated/validated_mapswipe/la_guaira_human_validated_accepted_polygons.geojson,la_guaira,validated_mapswipe,geojson,83947,,92fc67b4f941737088e0c2af73a473e6e75ac18d,2026-06-30T20:19:27.000Z,https://huggingface.co/datasets/hotosm/venezuela_eq_2026/resolve/main/la_guaira/damage_assessment/validated/validated_mapswipe/la_guaira_human_validated_accepted_polygons.geojson
2026-07-01T17:51:20Z,hotosm/venezuela_eq_2026,la_guaira/damage_assessment/validated/validated_mapswipe/la_guaira_human_validated_damage_h3_res11.geojson,la_guaira,validated_mapswipe,geojson,38727,,8f7228d872bbec5919d7cfc3b1481088900ec2bd,2026-06-30T17:21:23.000Z,https://huggingface.co/datasets/hotosm/venezuela_eq_2026/resolve/main/la_guaira/damage_assessment/validated/validated_mapswipe/la_guaira_human_validated_damage_h3_res11.geojson
2026-07-01T17:51:20Z,hotosm/venezuela_eq_2026,la_guaira/damage_assessment/validated/validated_mapswipe/la_guaira_human_validated_damage_polygons.geojson,la_guaira,validated_mapswipe,geojson,200635,,92fc67b4f941737088e0c2af73a473e6e75ac18d,2026-06-30T20:19:27.000Z,https://huggingface.co/datasets/hotosm/venezuela_eq_2026/resolve/main/la_guaira/damage_assessment/validated/validated_mapswipe/la_guaira_human_validated_damage_polygons.geojson
2026-07-01T17:51:20Z,hotosm/venezuela_eq_2026,la_guaira/damage_assessment/validated/validated_mapswipe/la_guaira_mapswipe_validation.png,la_guaira,validated_mapswipe,png,423253,423253,5c3dd663a13fba03ecd65de6ba9b4bd8605f15bf,2026-06-30T19:47:44.000Z,https://huggingface.co/datasets/hotosm/venezuela_eq_2026/resolve/main/la_guaira/damage_assessment/validated/validated_mapswipe/la_guaira_mapswipe_validation.png
2026-07-01T17:51:20Z,hotosm/venezuela_eq_2026,la_guaira/damage_assessment/validated/validated_mapswipe/mapswipe_agg_results_3173_raw.geojson,la_guaira,validated_mapswipe,geojson,198703,,8f7228d872bbec5919d7cfc3b1481088900ec2bd,2026-06-30T17:21:23.000Z,https://huggingface.co/datasets/hotosm/venezuela_eq_2026/resolve/main/la_guaira/damage_assessment/validated/validated_mapswipe/mapswipe_agg_results_3173_raw.geojson
2026-07-01T17:51:20Z,hotosm/venezuela_eq_2026,la_guaira/damage_assessment/validated/validated_mapswipe/source.json,la_guaira,validated_mapswipe,json,1486,,fcb9da4c11a185b3a06b423054046e74aa562753,2026-07-01T10:58:43.000Z,https://huggingface.co/datasets/hotosm/venezuela_eq_2026/resolve/main/la_guaira/damage_assessment/validated/validated_mapswipe/source.json
2026-07-01T17:51:20Z,hotosm/venezuela_eq_2026,la_guaira/viz/aoi.png,la_guaira,visualization,png,279362,279362,f182b1081d49fc662631d4e8be737e0f4bda15ea,2026-06-28T23:21:07.000Z,https://huggingface.co/datasets/hotosm/venezuela_eq_2026/resolve/main/la_guaira/viz/aoi.png
2026-07-01T17:51:20Z,hotosm/venezuela_eq_2026,la_guaira/viz/building_crops.png,la_guaira,visualization,png,2637272,2637272,f182b1081d49fc662631d4e8be737e0f4bda15ea,2026-06-28T23:21:07.000Z,https://huggingface.co/datasets/hotosm/venezuela_eq_2026/resolve/main/la_guaira/viz/building_crops.png
2026-07-01T17:51:20Z,hotosm/venezuela_eq_2026,la_guaira/viz/building_density.png,la_guaira,visualization,png,423771,423771,f182b1081d49fc662631d4e8be737e0f4bda15ea,2026-06-28T23:21:07.000Z,https://huggingface.co/datasets/hotosm/venezuela_eq_2026/resolve/main/la_guaira/viz/building_density.png
2026-07-01T17:51:20Z,hotosm/venezuela_eq_2026,la_guaira/viz/damage_crops.png,la_guaira,visualization,png,1549051,1549051,f182b1081d49fc662631d4e8be737e0f4bda15ea,2026-06-28T23:21:07.000Z,https://huggingface.co/datasets/hotosm/venezuela_eq_2026/resolve/main/la_guaira/viz/damage_crops.png
2026-07-01T17:51:20Z,hotosm/venezuela_eq_2026,la_guaira/viz/damage_gallery.png,la_guaira,visualization,png,317867,317867,3ec4b8e259574901429cb8bb4914330532e60475,2026-06-28T23:56:15.000Z,https://huggingface.co/datasets/hotosm/venezuela_eq_2026/resolve/main/la_guaira/viz/damage_gallery.png
2026-07-01T17:51:20Z,hotosm/venezuela_eq_2026,la_guaira/viz/post_imagery.png,la_guaira,visualization,png,492797,492797,8f83b90ebd63d5fd82074e678749368d52353d36,2026-06-29T00:01:59.000Z,https://huggingface.co/datasets/hotosm/venezuela_eq_2026/resolve/main/la_guaira/viz/post_imagery.png
2026-07-01T17:51:20Z,hotosm/venezuela_eq_2026,methodology.png,,metadata,png,83217,83217,0215a2e186519cdeef72b0dbc5690d544a699456,2026-06-30T12:04:21.000Z,https://huggingface.co/datasets/hotosm/venezuela_eq_2026/resolve/main/methodology.png
2026-07-01T17:51:20Z,hotosm/venezuela_eq_2026,moron/README.md,moron,metadata,md,10022,,400bc36c19afc840ef9bdbece7fbe15a1fcb66fd,2026-06-30T17:43:59.000Z,https://huggingface.co/datasets/hotosm/venezuela_eq_2026/resolve/main/moron/README.md
2026-07-01T17:51:20Z,hotosm/venezuela_eq_2026,moron/aoi.geojson,moron,metadata,geojson,470,,ed008852293a49bf98e4c991d63ab08efe8178bb,2026-06-30T16:14:08.000Z,https://huggingface.co/datasets/hotosm/venezuela_eq_2026/resolve/main/moron/aoi.geojson
2026-07-01T17:51:20Z,hotosm/venezuela_eq_2026,moron/buildings/moron_buildings_density_h3.geojson,moron,buildings,geojson,158737,,ed008852293a49bf98e4c991d63ab08efe8178bb,2026-06-30T16:14:08.000Z,https://huggingface.co/datasets/hotosm/venezuela_eq_2026/resolve/main/moron/buildings/moron_buildings_density_h3.geojson
2026-07-01T17:51:20Z,hotosm/venezuela_eq_2026,moron/buildings/moron_buildings_density_h3.pmtiles,moron,buildings,pmtiles,20312,,ed008852293a49bf98e4c991d63ab08efe8178bb,2026-06-30T16:14:08.000Z,https://huggingface.co/datasets/hotosm/venezuela_eq_2026/resolve/main/moron/buildings/moron_buildings_density_h3.pmtiles
2026-07-01T17:51:20Z,hotosm/venezuela_eq_2026,moron/buildings/moron_buildings_points.geojson,moron,buildings,geojson,1667160,,ed008852293a49bf98e4c991d63ab08efe8178bb,2026-06-30T16:14:08.000Z,https://huggingface.co/datasets/hotosm/venezuela_eq_2026/resolve/main/moron/buildings/moron_buildings_points.geojson
2026-07-01T17:51:20Z,hotosm/venezuela_eq_2026,moron/buildings/moron_buildings_polygons.geojson,moron,buildings,geojson,6035101,,ed008852293a49bf98e4c991d63ab08efe8178bb,2026-06-30T16:14:08.000Z,https://huggingface.co/datasets/hotosm/venezuela_eq_2026/resolve/main/moron/buildings/moron_buildings_polygons.geojson
2026-07-01T17:51:20Z,hotosm/venezuela_eq_2026,moron/damage_assessment/combined/moron_combined_damage_points.geojson,moron,combined,geojson,50157,,ed008852293a49bf98e4c991d63ab08efe8178bb,2026-06-30T16:14:08.000Z,https://huggingface.co/datasets/hotosm/venezuela_eq_2026/resolve/main/moron/damage_assessment/combined/moron_combined_damage_points.geojson
2026-07-01T17:51:20Z,hotosm/venezuela_eq_2026,moron/damage_assessment/combined/moron_combined_damage_polygons.geojson,moron,combined,geojson,142611,,ed008852293a49bf98e4c991d63ab08efe8178bb,2026-06-30T16:14:08.000Z,https://huggingface.co/datasets/hotosm/venezuela_eq_2026/resolve/main/moron/damage_assessment/combined/moron_combined_damage_polygons.geojson
2026-07-01T17:51:20Z,hotosm/venezuela_eq_2026,moron/damage_assessment/combined/moron_combined_h3_res11.geojson,moron,combined,geojson,81639,,ed008852293a49bf98e4c991d63ab08efe8178bb,2026-06-30T16:14:08.000Z,https://huggingface.co/datasets/hotosm/venezuela_eq_2026/resolve/main/moron/damage_assessment/combined/moron_combined_h3_res11.geojson
2026-07-01T17:51:20Z,hotosm/venezuela_eq_2026,moron/damage_assessment/combined/source.json,moron,combined,json,560,,7c2e66f831b13c51bdb593c66e1450465d1a1180,2026-06-30T17:28:27.000Z,https://huggingface.co/datasets/hotosm/venezuela_eq_2026/resolve/main/moron/damage_assessment/combined/source.json
2026-07-01T17:51:20Z,hotosm/venezuela_eq_2026,moron/damage_assessment/fair/moron_damage_points.geojson,moron,fair,geojson,207215,,ed008852293a49bf98e4c991d63ab08efe8178bb,2026-06-30T16:14:08.000Z,https://huggingface.co/datasets/hotosm/venezuela_eq_2026/resolve/main/moron/damage_assessment/fair/moron_damage_points.geojson
2026-07-01T17:51:20Z,hotosm/venezuela_eq_2026,moron/damage_assessment/fair/moron_damage_polygons.geojson,moron,fair,geojson,664545,,ed008852293a49bf98e4c991d63ab08efe8178bb,2026-06-30T16:14:08.000Z,https://huggingface.co/datasets/hotosm/venezuela_eq_2026/resolve/main/moron/damage_assessment/fair/moron_damage_polygons.geojson
2026-07-01T17:51:20Z,hotosm/venezuela_eq_2026,moron/damage_assessment/fair/moron_major_destroyed_h3_res12.geojson,moron,fair,geojson,74487,,ed008852293a49bf98e4c991d63ab08efe8178bb,2026-06-30T16:14:08.000Z,https://huggingface.co/datasets/hotosm/venezuela_eq_2026/resolve/main/moron/damage_assessment/fair/moron_major_destroyed_h3_res12.geojson
2026-07-01T17:51:20Z,hotosm/venezuela_eq_2026,moron/damage_assessment/fair/moron_major_destroyed_points.geojson,moron,fair,geojson,68364,,ed008852293a49bf98e4c991d63ab08efe8178bb,2026-06-30T16:14:08.000Z,https://huggingface.co/datasets/hotosm/venezuela_eq_2026/resolve/main/moron/damage_assessment/fair/moron_major_destroyed_points.geojson
2026-07-01T17:51:20Z,hotosm/venezuela_eq_2026,moron/damage_assessment/moron_source_comparison.png,moron,metadata,png,203069,203069,400bc36c19afc840ef9bdbece7fbe15a1fcb66fd,2026-06-30T17:43:59.000Z,https://huggingface.co/datasets/hotosm/venezuela_eq_2026/resolve/main/moron/damage_assessment/moron_source_comparison.png
2026-07-01T17:51:20Z,hotosm/venezuela_eq_2026,moron/damage_assessment/osu/moron_osu_damaged_h3_res11.geojson,moron,osu,geojson,128142,,7c2e66f831b13c51bdb593c66e1450465d1a1180,2026-06-30T17:28:27.000Z,https://huggingface.co/datasets/hotosm/venezuela_eq_2026/resolve/main/moron/damage_assessment/osu/moron_osu_damaged_h3_res11.geojson
2026-07-01T17:51:20Z,hotosm/venezuela_eq_2026,moron/damage_assessment/osu/moron_osu_damaged_points.geojson,moron,osu,geojson,130375,,7c2e66f831b13c51bdb593c66e1450465d1a1180,2026-06-30T17:28:27.000Z,https://huggingface.co/datasets/hotosm/venezuela_eq_2026/resolve/main/moron/damage_assessment/osu/moron_osu_damaged_points.geojson
2026-07-01T17:51:20Z,hotosm/venezuela_eq_2026,moron/damage_assessment/osu/moron_osu_damaged_polygons.geojson,moron,osu,geojson,220908,,7c2e66f831b13c51bdb593c66e1450465d1a1180,2026-06-30T17:28:27.000Z,https://huggingface.co/datasets/hotosm/venezuela_eq_2026/resolve/main/moron/damage_assessment/osu/moron_osu_damaged_polygons.geojson
2026-07-01T17:51:20Z,hotosm/venezuela_eq_2026,moron/damage_assessment/osu/source.json,moron,osu,json,924,,7c2e66f831b13c51bdb593c66e1450465d1a1180,2026-06-30T17:28:27.000Z,https://huggingface.co/datasets/hotosm/venezuela_eq_2026/resolve/main/moron/damage_assessment/osu/source.json
2026-07-01T17:51:20Z,hotosm/venezuela_eq_2026,moron/viz/aoi.png,moron,visualization,png,373973,373973,1fdd22b6528c3e360185bbd894778af6d89b77d8,2026-06-30T16:38:35.000Z,https://huggingface.co/datasets/hotosm/venezuela_eq_2026/resolve/main/moron/viz/aoi.png
2026-07-01T17:51:20Z,hotosm/venezuela_eq_2026,moron/viz/building_crops.png,moron,visualization,png,1917521,1917521,1fdd22b6528c3e360185bbd894778af6d89b77d8,2026-06-30T16:38:35.000Z,https://huggingface.co/datasets/hotosm/venezuela_eq_2026/resolve/main/moron/viz/building_crops.png
2026-07-01T17:51:20Z,hotosm/venezuela_eq_2026,moron/viz/building_density.png,moron,visualization,png,1034088,1034088,1fdd22b6528c3e360185bbd894778af6d89b77d8,2026-06-30T16:38:35.000Z,https://huggingface.co/datasets/hotosm/venezuela_eq_2026/resolve/main/moron/viz/building_density.png
2026-07-01T17:51:20Z,hotosm/venezuela_eq_2026,moron/viz/damage_crops.png,moron,visualization,png,1278165,1278165,1fdd22b6528c3e360185bbd894778af6d89b77d8,2026-06-30T16:38:35.000Z,https://huggingface.co/datasets/hotosm/venezuela_eq_2026/resolve/main/moron/viz/damage_crops.png
2026-07-01T17:51:20Z,hotosm/venezuela_eq_2026,moron/viz/damage_gallery.png,moron,visualization,png,152027,152027,1fdd22b6528c3e360185bbd894778af6d89b77d8,2026-06-30T16:38:35.000Z,https://huggingface.co/datasets/hotosm/venezuela_eq_2026/resolve/main/moron/viz/damage_gallery.png
2026-07-01T17:51:20Z,hotosm/venezuela_eq_2026,moron/viz/post_imagery.png,moron,visualization,png,1190110,1190110,1fdd22b6528c3e360185bbd894778af6d89b77d8,2026-06-30T16:38:35.000Z,https://huggingface.co/datasets/hotosm/venezuela_eq_2026/resolve/main/moron/viz/post_imagery.png
2026-07-01T17:51:20Z,hotosm/venezuela_eq_2026,multisource_damage/README.md,,multisource_damage,md,3651,,400bc36c19afc840ef9bdbece7fbe15a1fcb66fd,2026-06-30T17:43:59.000Z,https://huggingface.co/datasets/hotosm/venezuela_eq_2026/resolve/main/multisource_damage/README.md
2026-07-01T17:51:20Z,hotosm/venezuela_eq_2026,multisource_damage/agreement_summary.json,,multisource_damage,json,1910,,50fdadd4292b56baca319caf7a37a06bdbd564e2,2026-06-29T08:34:28.000Z,https://huggingface.co/datasets/hotosm/venezuela_eq_2026/resolve/main/multisource_damage/agreement_summary.json
2026-07-01T17:51:20Z,hotosm/venezuela_eq_2026,multisource_damage/multires_agreement.csv,,multisource_damage,csv,496,,50fdadd4292b56baca319caf7a37a06bdbd564e2,2026-06-29T08:34:28.000Z,https://huggingface.co/datasets/hotosm/venezuela_eq_2026/resolve/main/multisource_damage/multires_agreement.csv
2026-07-01T17:51:20Z,hotosm/venezuela_eq_2026,multisource_damage/source_comparison.png,,multisource_damage,png,1082347,1082347,67fabc27a2be32949b04c9c562ba6cc03ca90b8c,2026-06-29T20:08:25.000Z,https://huggingface.co/datasets/hotosm/venezuela_eq_2026/resolve/main/multisource_damage/source_comparison.png
2026-07-01T17:51:20Z,hotosm/venezuela_eq_2026,multisource_damage/validation_counts.json,,multisource_damage,json,617,,a3671c5b07db3c2f5fd28d29c9a58eabca9813cc,2026-06-29T10:49:04.000Z,https://huggingface.co/datasets/hotosm/venezuela_eq_2026/resolve/main/multisource_damage/validation_counts.json
2026-07-01T17:51:20Z,hotosm/venezuela_eq_2026,multisource_damage/validation_h3.geojson,,multisource_damage,geojson,3199152,,a37fce874e20d14343fbbfb297fae3cb5f67d66d,2026-06-29T10:49:03.000Z,https://huggingface.co/datasets/hotosm/venezuela_eq_2026/resolve/main/multisource_damage/validation_h3.geojson
2026-07-01T17:51:20Z,hotosm/venezuela_eq_2026,naiguata/README.md,naiguata,metadata,md,8515,,65207637531afc86f4e1177e3d995c3d3d42335e,2026-06-30T18:11:10.000Z,https://huggingface.co/datasets/hotosm/venezuela_eq_2026/resolve/main/naiguata/README.md
2026-07-01T17:51:20Z,hotosm/venezuela_eq_2026,naiguata/aoi.geojson,naiguata,metadata,geojson,522321,,69ee254f101125930dce13db602d605faaa0f66a,2026-06-29T00:04:21.000Z,https://huggingface.co/datasets/hotosm/venezuela_eq_2026/resolve/main/naiguata/aoi.geojson
2026-07-01T17:51:20Z,hotosm/venezuela_eq_2026,naiguata/buildings/naiguata_buildings_density_h3.geojson,naiguata,buildings,geojson,16678,,422d1f003c3ce2b0da4bb853f35f39888e91da9a,2026-06-28T22:45:19.000Z,https://huggingface.co/datasets/hotosm/venezuela_eq_2026/resolve/main/naiguata/buildings/naiguata_buildings_density_h3.geojson
2026-07-01T17:51:20Z,hotosm/venezuela_eq_2026,naiguata/buildings/naiguata_buildings_density_h3.pmtiles,naiguata,buildings,pmtiles,13173,,422d1f003c3ce2b0da4bb853f35f39888e91da9a,2026-06-28T22:45:19.000Z,https://huggingface.co/datasets/hotosm/venezuela_eq_2026/resolve/main/naiguata/buildings/naiguata_buildings_density_h3.pmtiles
2026-07-01T17:51:20Z,hotosm/venezuela_eq_2026,naiguata/buildings/naiguata_buildings_points.geojson,naiguata,buildings,geojson,329017,,422d1f003c3ce2b0da4bb853f35f39888e91da9a,2026-06-28T22:45:19.000Z,https://huggingface.co/datasets/hotosm/venezuela_eq_2026/resolve/main/naiguata/buildings/naiguata_buildings_points.geojson
2026-07-01T17:51:20Z,hotosm/venezuela_eq_2026,naiguata/buildings/naiguata_buildings_polygons.geojson,naiguata,buildings,geojson,1133203,,422d1f003c3ce2b0da4bb853f35f39888e91da9a,2026-06-28T22:45:19.000Z,https://huggingface.co/datasets/hotosm/venezuela_eq_2026/resolve/main/naiguata/buildings/naiguata_buildings_polygons.geojson
2026-07-01T17:51:20Z,hotosm/venezuela_eq_2026,naiguata/damage_assessment/combined/naiguata_combined_damage_points.geojson,naiguata,combined,geojson,5625,,2b806d9c771d7c5c44367b217c51ed526e4b35f0,2026-06-29T12:48:30.000Z,https://huggingface.co/datasets/hotosm/venezuela_eq_2026/resolve/main/naiguata/damage_assessment/combined/naiguata_combined_damage_points.geojson
2026-07-01T17:51:20Z,hotosm/venezuela_eq_2026,naiguata/damage_assessment/combined/naiguata_combined_damage_polygons.geojson,naiguata,combined,geojson,9587,,2b806d9c771d7c5c44367b217c51ed526e4b35f0,2026-06-29T12:48:30.000Z,https://huggingface.co/datasets/hotosm/venezuela_eq_2026/resolve/main/naiguata/damage_assessment/combined/naiguata_combined_damage_polygons.geojson
2026-07-01T17:51:20Z,hotosm/venezuela_eq_2026,naiguata/damage_assessment/combined/naiguata_combined_h3_res11.geojson,naiguata,combined,geojson,13997,,2b806d9c771d7c5c44367b217c51ed526e4b35f0,2026-06-29T12:48:30.000Z,https://huggingface.co/datasets/hotosm/venezuela_eq_2026/resolve/main/naiguata/damage_assessment/combined/naiguata_combined_h3_res11.geojson
2026-07-01T17:51:20Z,hotosm/venezuela_eq_2026,naiguata/damage_assessment/combined/source.json,naiguata,combined,json,488,,2b806d9c771d7c5c44367b217c51ed526e4b35f0,2026-06-29T12:48:30.000Z,https://huggingface.co/datasets/hotosm/venezuela_eq_2026/resolve/main/naiguata/damage_assessment/combined/source.json
2026-07-01T17:51:20Z,hotosm/venezuela_eq_2026,naiguata/damage_assessment/fair/naiguata_damage_points.geojson,naiguata,fair,geojson,17814,,925980041706e09c13a51ff72236c9b0a9a5cd13,2026-06-29T19:36:31.000Z,https://huggingface.co/datasets/hotosm/venezuela_eq_2026/resolve/main/naiguata/damage_assessment/fair/naiguata_damage_points.geojson
2026-07-01T17:51:20Z,hotosm/venezuela_eq_2026,naiguata/damage_assessment/fair/naiguata_damage_polygons.geojson,naiguata,fair,geojson,49218,,925980041706e09c13a51ff72236c9b0a9a5cd13,2026-06-29T19:36:31.000Z,https://huggingface.co/datasets/hotosm/venezuela_eq_2026/resolve/main/naiguata/damage_assessment/fair/naiguata_damage_polygons.geojson
2026-07-01T17:51:20Z,hotosm/venezuela_eq_2026,naiguata/damage_assessment/fair/naiguata_major_destroyed_h3_res12.geojson,naiguata,fair,geojson,10457,,925980041706e09c13a51ff72236c9b0a9a5cd13,2026-06-29T19:36:31.000Z,https://huggingface.co/datasets/hotosm/venezuela_eq_2026/resolve/main/naiguata/damage_assessment/fair/naiguata_major_destroyed_h3_res12.geojson
2026-07-01T17:51:20Z,hotosm/venezuela_eq_2026,naiguata/damage_assessment/fair/naiguata_major_destroyed_points.geojson,naiguata,fair,geojson,8506,,925980041706e09c13a51ff72236c9b0a9a5cd13,2026-06-29T19:36:31.000Z,https://huggingface.co/datasets/hotosm/venezuela_eq_2026/resolve/main/naiguata/damage_assessment/fair/naiguata_major_destroyed_points.geojson
2026-07-01T17:51:20Z,hotosm/venezuela_eq_2026,naiguata/damage_assessment/naiguata_source_comparison.png,naiguata,metadata,png,205985,205985,f05b39b1a55fae0408853a5ef32fcc8e9870e3d3,2026-06-29T20:13:21.000Z,https://huggingface.co/datasets/hotosm/venezuela_eq_2026/resolve/main/naiguata/damage_assessment/naiguata_source_comparison.png
2026-07-01T17:51:20Z,hotosm/venezuela_eq_2026,naiguata/damage_assessment/osu/naiguata_osu_damaged_h3_res11.geojson,naiguata,osu,geojson,106161,,2b806d9c771d7c5c44367b217c51ed526e4b35f0,2026-06-29T12:48:30.000Z,https://huggingface.co/datasets/hotosm/venezuela_eq_2026/resolve/main/naiguata/damage_assessment/osu/naiguata_osu_damaged_h3_res11.geojson
2026-07-01T17:51:20Z,hotosm/venezuela_eq_2026,naiguata/damage_assessment/osu/naiguata_osu_damaged_points.geojson,naiguata,osu,geojson,195601,,2b806d9c771d7c5c44367b217c51ed526e4b35f0,2026-06-29T12:48:30.000Z,https://huggingface.co/datasets/hotosm/venezuela_eq_2026/resolve/main/naiguata/damage_assessment/osu/naiguata_osu_damaged_points.geojson
2026-07-01T17:51:20Z,hotosm/venezuela_eq_2026,naiguata/damage_assessment/osu/naiguata_osu_damaged_polygons.geojson,naiguata,osu,geojson,319970,,2b806d9c771d7c5c44367b217c51ed526e4b35f0,2026-06-29T12:48:30.000Z,https://huggingface.co/datasets/hotosm/venezuela_eq_2026/resolve/main/naiguata/damage_assessment/osu/naiguata_osu_damaged_polygons.geojson
2026-07-01T17:51:20Z,hotosm/venezuela_eq_2026,naiguata/damage_assessment/osu/source.json,naiguata,osu,json,841,,2b806d9c771d7c5c44367b217c51ed526e4b35f0,2026-06-29T12:48:30.000Z,https://huggingface.co/datasets/hotosm/venezuela_eq_2026/resolve/main/naiguata/damage_assessment/osu/source.json
2026-07-01T17:51:20Z,hotosm/venezuela_eq_2026,naiguata/viz/aoi.png,naiguata,visualization,png,275214,275214,f182b1081d49fc662631d4e8be737e0f4bda15ea,2026-06-28T23:21:07.000Z,https://huggingface.co/datasets/hotosm/venezuela_eq_2026/resolve/main/naiguata/viz/aoi.png
2026-07-01T17:51:20Z,hotosm/venezuela_eq_2026,naiguata/viz/building_crops.png,naiguata,visualization,png,2437293,2437293,f182b1081d49fc662631d4e8be737e0f4bda15ea,2026-06-28T23:21:07.000Z,https://huggingface.co/datasets/hotosm/venezuela_eq_2026/resolve/main/naiguata/viz/building_crops.png
2026-07-01T17:51:20Z,hotosm/venezuela_eq_2026,naiguata/viz/building_density.png,naiguata,visualization,png,749888,749888,f182b1081d49fc662631d4e8be737e0f4bda15ea,2026-06-28T23:21:07.000Z,https://huggingface.co/datasets/hotosm/venezuela_eq_2026/resolve/main/naiguata/viz/building_density.png
2026-07-01T17:51:20Z,hotosm/venezuela_eq_2026,naiguata/viz/damage_crops.png,naiguata,visualization,png,1744373,1744373,f182b1081d49fc662631d4e8be737e0f4bda15ea,2026-06-28T23:21:07.000Z,https://huggingface.co/datasets/hotosm/venezuela_eq_2026/resolve/main/naiguata/viz/damage_crops.png
2026-07-01T17:51:20Z,hotosm/venezuela_eq_2026,naiguata/viz/damage_gallery.png,naiguata,visualization,png,255432,255432,3ec4b8e259574901429cb8bb4914330532e60475,2026-06-28T23:56:15.000Z,https://huggingface.co/datasets/hotosm/venezuela_eq_2026/resolve/main/naiguata/viz/damage_gallery.png
2026-07-01T17:51:20Z,hotosm/venezuela_eq_2026,naiguata/viz/post_imagery.png,naiguata,visualization,png,943959,943959,8f83b90ebd63d5fd82074e678749368d52353d36,2026-06-29T00:01:59.000Z,https://huggingface.co/datasets/hotosm/venezuela_eq_2026/resolve/main/naiguata/viz/post_imagery.png
2026-07-01T17:51:20Z,hotosm/venezuela_eq_2026,validated/README.md,,validated,md,4720,,b9df26cfe931e27ad0a988c1f45305b051405a73,2026-07-01T16:12:35.000Z,https://huggingface.co/datasets/hotosm/venezuela_eq_2026/resolve/main/validated/README.md
2026-07-01T17:51:20Z,hotosm/venezuela_eq_2026,validated/_summary.json,,validated,json,1351,,8f7228d872bbec5919d7cfc3b1481088900ec2bd,2026-06-30T17:21:23.000Z,https://huggingface.co/datasets/hotosm/venezuela_eq_2026/resolve/main/validated/_summary.json
2026-07-01T17:51:20Z,hotosm/venezuela_eq_2026,validated/venezuela_validated_accepted.geojson,,validated,geojson,241827,,92fc67b4f941737088e0c2af73a473e6e75ac18d,2026-06-30T20:19:27.000Z,https://huggingface.co/datasets/hotosm/venezuela_eq_2026/resolve/main/validated/venezuela_validated_accepted.geojson
2026-07-01T17:51:20Z,hotosm/venezuela_eq_2026,validated/venezuela_validated_damage.geojson,,validated,geojson,682793,,92fc67b4f941737088e0c2af73a473e6e75ac18d,2026-06-30T20:19:27.000Z,https://huggingface.co/datasets/hotosm/venezuela_eq_2026/resolve/main/validated/venezuela_validated_damage.geojson
2026-07-01T17:51:20Z,hotosm/venezuela_eq_2026,validated/venezuela_validated_points.geojson,,validated,geojson,153575,,92fc67b4f941737088e0c2af73a473e6e75ac18d,2026-06-30T20:19:27.000Z,https://huggingface.co/datasets/hotosm/venezuela_eq_2026/resolve/main/validated/venezuela_validated_points.geojson
2026-07-01T17:51:20Z,hotosm/venezuela_eq_2026,validated/venezuela_validation_overview.png,,validated,png,1339981,1339981,5c3dd663a13fba03ecd65de6ba9b4bd8605f15bf,2026-06-30T19:47:44.000Z,https://huggingface.co/datasets/hotosm/venezuela_eq_2026/resolve/main/validated/venezuela_validation_overview.png
